"","district_code","state","state_abbrev","state_code","district","member","party","party_d","party_r","start","end","hasc_chair","hasc_rank","hasc_mem","hacd_chair","hacd_rank","hacd_mem","oversight","amend_count_116_2500","amend_dummy","distance_km"
"1",101,"Alabama","AL",1,1,"Byrne, Bradley","R",0,1,"01/03/19","01/03/21",0,0,1,0,0,0,1,0,0,0.819935179236
"2",102,"Alabama","AL",1,2,"Roby, Martha","R",0,1,"01/03/19","01/03/21",0,0,0,0,0,0,0,0,0,0.443696481924
"3",103,"Alabama","AL",1,3,"Rogers , Mike","R",0,1,"01/03/19","01/03/21",0,0,1,0,0,0,1,0,0,0.562049360864
"4",104,"Alabama","AL",1,4,"Aderholt, Robert","R",0,1,"01/03/19","01/03/21",0,0,0,0,0,1,1,0,0,0.747063874044
"5",105,"Alabama","AL",1,5,"Brooks, Mo","R",0,1,"01/03/19","01/03/21",0,0,1,0,0,0,1,0,0,0.132752199241
"6",106,"Alabama","AL",1,6,"Palmer , Gary","R",0,1,"01/03/19","01/03/21",0,0,0,0,0,0,0,0,0,0.839712555023
"7",107,"Alabama","AL",1,7,"Sewell, Terri","D",1,0,"01/03/19","01/03/21",0,0,0,0,0,0,0,0,0,0.950355026628
"8",200,"Alaska","AK",2,0,"Young, Don","R",0,1,"01/03/19","01/03/21",0,0,0,0,0,0,0,0,0,3.15952849537
"9",401,"Arizona","AZ",4,1,"O'Halleran, Tom","D",1,0,"01/03/19","01/03/21",0,0,0,0,0,0,0,0,0,1.13484564531
"10",402,"Arizona","AZ",4,2,"Kirkpatrick, Ann","D",1,0,"01/03/19","01/03/21",0,0,0,0,0,1,1,0,0,0.247507168962
"11",403,"Arizona","AZ",4,3,"Grijalva, Raúl","D",1,0,"01/03/19","01/03/21",0,0,0,0,0,0,0,0,0,0.671477843369
"12",404,"Arizona","AZ",4,4,"Gosar, Paul","R",0,1,"01/03/19","01/03/21",0,0,0,0,0,0,0,0,0,1.36793529269
"13",405,"Arizona","AZ",4,5,"Biggs, Andy","R",0,1,"01/03/19","01/03/21",0,0,0,0,0,0,0,0,0,0.68831641381
"14",406,"Arizona","AZ",4,6,"Schweikert, David","R",0,1,"01/03/19","01/03/21",0,0,0,0,0,0,0,0,0,0.500716643443
"15",407,"Arizona","AZ",4,7,"Gallego, Ruben","D",1,0,"01/03/19","01/03/21",0,0,0,0,0,0,0,0,0,0.276408454368
"16",408,"Arizona","AZ",4,8,"Lesko, Debbie","R",0,1,"01/03/19","01/03/21",0,0,0,0,0,0,0,0,0,0.172816802494
"17",409,"Arizona","AZ",4,9,"Stanton, Greg","D",1,0,"01/03/19","01/03/21",0,0,0,0,0,0,0,0,0,0.443903793435
"18",501,"Arkansas","AR",5,1,"Crawford , Rick","R",0,1,"01/03/19","01/03/21",0,0,0,0,0,0,0,0,0,0.976615886198
"19",502,"Arkansas","AR",5,2,"Hill , French","R",0,1,"01/03/19","01/03/21",0,0,0,0,0,0,0,0,0,0.209220916032
"20",503,"Arkansas","AR",5,3,"Womack, Steve","R",0,1,"01/03/19","01/03/21",0,0,0,0,0,1,1,0,0,0.754563981746
"21",504,"Arkansas","AR",5,4,"Westerman, Bruce","R",0,1,"01/03/19","01/03/21",0,0,0,0,0,0,0,0,0,1.12875069828
"22",601,"California","CA",6,1,"LaMalfa, Doug","R",0,1,"01/03/19","01/03/21",0,0,0,0,0,0,0,0,0,1.48074690415
"23",602,"California","CA",6,2,"Huffman, Jared","D",1,0,"01/03/19","01/03/21",0,0,0,0,0,0,0,1,1,2.21205313597
"24",603,"California","CA",6,3,"Garamendi, John","D",1,0,"01/03/19","01/03/21",0,0,1,0,0,0,1,0,0,0.703837915551
"25",604,"California","CA",6,4,"McClintock, Tom","R",0,1,"01/03/19","01/03/21",0,0,0,0,0,0,0,0,0,0.55457386875
"26",605,"California","CA",6,5,"Thompson , Mike","D",1,0,"01/03/19","01/03/21",0,0,0,0,0,0,0,0,0,0.347311715392
"27",606,"California","CA",6,6,"Matsui, Doris","D",1,0,"01/03/19","01/03/21",0,0,0,0,0,0,0,0,0,0.102214377049
"28",607,"California","CA",6,7,"Bera, Ami","D",1,0,"01/03/19","01/03/21",0,0,0,0,0,0,0,0,0,0.258061975623
"29",608,"California","CA",6,8,"Cook , Paul","R",0,1,"01/03/19","01/03/21",0,0,1,0,0,0,1,0,0,0.350415538515
"30",609,"California","CA",6,9,"McNerney, Jerry","D",1,0,"01/03/19","01/03/21",0,0,0,0,0,0,0,0,0,0.654082864154
"31",610,"California","CA",6,10,"Harder, Josh","D",1,0,"01/03/19","01/03/21",0,0,0,0,0,0,0,0,0,0.847902520465
"32",611,"California","CA",6,11,"DeSaulnier, Mark","D",1,0,"01/03/19","01/03/21",0,0,0,0,0,0,0,0,0,0.0899693147094
"33",612,"California","CA",6,12,"Pelosi, Nancy","D",1,0,"01/03/19","01/03/21",0,0,0,0,0,0,0,0,0,0.392320960645
"34",613,"California","CA",6,13,"Lee, Barbara","D",1,0,"01/03/19","01/03/21",0,0,0,0,0,0,0,3,1,0.332340515771
"35",614,"California","CA",6,14,"Speier, Jackie","D",1,0,"01/03/19","01/03/21",0,0,1,0,0,0,1,2,1,0.523641192744
"36",615,"California","CA",6,15,"Swalwell, Eric","D",1,0,"01/03/19","01/03/21",0,0,0,0,0,0,0,0,0,0.105809204593
"37",616,"California","CA",6,16,"Costa, Jim","D",1,0,"01/03/19","01/03/21",0,0,0,0,0,0,0,0,0,0.99215704295
"38",617,"California","CA",6,17,"Khanna, Ro","D",1,0,"01/03/19","01/03/21",0,0,1,0,0,0,1,2,1,0.298515661075
"39",618,"California","CA",6,18,"Eshoo, Anna","D",1,0,"01/03/19","01/03/21",0,0,0,0,0,0,0,0,0,0.587530024981
"40",619,"California","CA",6,19,"Lofgren, Zoe","D",1,0,"01/03/19","01/03/21",0,0,0,0,0,0,0,0,0,0.607666860197
"41",620,"California","CA",6,20,"Panetta, Jimmy","D",1,0,"01/03/19","01/03/21",0,0,0,0,0,0,0,0,0,0.419996963827
"42",621,"California","CA",6,21,"Cox, TJ","D",1,0,"01/03/19","01/03/21",0,0,0,0,0,0,0,0,0,0.251320797553
"43",622,"California","CA",6,22,"Nunes, Devin","R",0,1,"01/03/19","01/03/21",0,0,0,0,0,0,0,0,0,0.570039309435
"44",623,"California","CA",6,23,"McCarthy , Kevin","R",0,1,"01/03/19","01/03/21",0,0,0,0,0,0,0,0,0,0.917983482514
"45",624,"California","CA",6,24,"Carbajal, Salud","D",1,0,"01/03/19","01/03/21",0,0,1,0,0,0,1,0,0,0.522007676136
"46",625,"California","CA",6,25,"Hill , Katie","D",1,0,"01/03/19","01/03/21",0,0,0,0,0,0,0,0,0,0.202307268661
"47",626,"California","CA",6,26,"Brownley, Julia","D",1,0,"01/03/19","01/03/21",0,0,0,0,0,0,0,0,0,0.197127252366
"48",627,"California","CA",6,27,"Chu, Judy","D",1,0,"01/03/19","01/03/21",0,0,0,0,0,0,0,0,0,0.375519352561
"49",628,"California","CA",6,28,"Schiff, Adam","D",1,0,"01/03/19","01/03/21",0,0,0,0,0,0,0,0,0,0.428422820831
"50",629,"California","CA",6,29,"Cárdenas, Tony","D",1,0,"01/03/19","01/03/21",0,0,0,0,0,0,0,0,0,0.498764851272
"51",630,"California","CA",6,30,"Sherman, Brad","D",1,0,"01/03/19","01/03/21",0,0,0,0,0,0,0,1,1,0.572260786452
"52",631,"California","CA",6,31,"Aguilar, Pete","D",1,0,"01/03/19","01/03/21",0,0,0,0,0,1,1,0,0,0.230625831948
"53",632,"California","CA",6,32,"Napolitano, Grace","D",1,0,"01/03/19","01/03/21",0,0,0,0,0,0,0,0,0,0.370807314456
"54",633,"California","CA",6,33,"Lieu, Ted","D",1,0,"01/03/19","01/03/21",0,0,0,0,0,0,0,3,1,0.374958245543
"55",634,"California","CA",6,34,"Gomez, Jimmy","D",1,0,"01/03/19","01/03/21",0,0,0,0,0,0,0,0,0,0.363049386196
"56",635,"California","CA",6,35,"Torres, Norma","D",1,0,"01/03/19","01/03/21",0,0,0,0,0,0,0,1,1,0.344018409119
"57",636,"California","CA",6,36,"Ruiz , Raul","D",1,0,"01/03/19","01/03/21",0,0,0,0,0,0,0,0,0,0.596880339649
"58",637,"California","CA",6,37,"Bass, Karen","D",1,0,"01/03/19","01/03/21",0,0,0,0,0,0,0,0,0,0.401196644595
"59",638,"California","CA",6,38,"Sánchez, Linda","D",1,0,"01/03/19","01/03/21",0,0,0,0,0,0,0,0,0,0.190321152954
"60",639,"California","CA",6,39,"Cisneros, Gil","D",1,0,"01/03/19","01/03/21",0,0,1,0,0,0,1,0,0,0.29212511873
"61",640,"California","CA",6,40,"Roybal-Allard, Lucille","D",1,0,"01/03/19","01/03/21",0,0,0,0,0,0,0,0,0,0.246676459413
"62",641,"California","CA",6,41,"Takano, Mark","D",1,0,"01/03/19","01/03/21",0,0,0,0,0,0,0,1,1,0.0369645361058
"63",642,"California","CA",6,42,"Calvert, Ken","R",0,1,"01/03/19","01/03/21",0,0,0,0,1,1,2,0,0,0.210832287078
"64",643,"California","CA",6,43,"Waters, Maxine","D",1,0,"01/03/19","01/03/21",0,0,0,0,0,0,0,0,0,0.311240074832
"65",644,"California","CA",6,44,"Barragán, Nanette","D",1,0,"01/03/19","01/03/21",0,0,0,0,0,0,0,0,0,0.197462786298
"66",645,"California","CA",6,45,"Porter, Katie","D",1,0,"01/03/19","01/03/21",0,0,0,0,0,0,0,0,0,0.395506651785
"67",646,"California","CA",6,46,"Correa, Lou","D",1,0,"01/03/19","01/03/21",0,0,0,0,0,0,0,0,0,0.17350806537
"68",647,"California","CA",6,47,"Lowenthal, Alan","D",1,0,"01/03/19","01/03/21",0,0,0,0,0,0,0,0,0,0.48551210267
"69",648,"California","CA",6,48,"Rouda, Harley","D",1,0,"01/03/19","01/03/21",0,0,0,0,0,0,0,0,0,0.204742788644
"70",649,"California","CA",6,49,"Levin, Mike","D",1,0,"01/03/19","01/03/21",0,0,0,0,0,0,0,0,0,0.0811604873892
"71",650,"California","CA",6,50,"Hunter, Duncan D.","R",0,1,"01/03/19","1/13/2020",0,0,0,0,0,0,0,0,0,0.234161188962
"72",651,"California","CA",6,51,"Vargas, Juan","D",1,0,"01/03/19","01/03/21",0,0,0,0,0,0,0,0,0,0.220453513238
"73",652,"California","CA",6,52,"Peters , Scott","D",1,0,"01/03/19","01/03/21",0,0,0,0,0,0,0,0,0,0.0754030724144
"74",653,"California","CA",6,53,"Davis , Susan","D",1,0,"01/03/19","01/03/21",0,0,1,0,0,0,1,0,0,0.167199233091
"75",801,"Colorado","CO",8,1,"DeGette, Diana","D",1,0,"01/03/19","01/03/21",0,0,0,0,0,0,0,0,0,0.152480890934
"76",802,"Colorado","CO",8,2,"Neguse, Joe","D",1,0,"01/03/19","01/03/21",0,0,0,0,0,0,0,0,0,0.580108675056
"77",803,"Colorado","CO",8,3,"Tipton, Scott","R",0,1,"01/03/19","01/03/21",0,0,0,0,0,0,0,1,1,2.31406311248
"78",804,"Colorado","CO",8,4,"Buck, Ken","R",0,1,"01/03/19","01/03/21",0,0,0,0,0,0,0,0,0,1.17014477382
"79",805,"Colorado","CO",8,5,"Lamborn, Doug","R",0,1,"01/03/19","01/03/21",0,0,1,0,0,0,1,0,0,0.57518645658
"80",806,"Colorado","CO",8,6,"Crow, Jason","D",1,0,"01/03/19","01/03/21",0,0,1,0,0,0,1,0,0,0.16095283624
"81",807,"Colorado","CO",8,7,"Perlmutter, Ed","D",1,0,"01/03/19","01/03/21",0,0,0,0,0,0,0,0,0,0.178926035889
"82",901,"Connecticut","CT",9,1,"Larson, John B.","D",1,0,"01/03/19","01/03/21",0,0,0,0,0,0,0,0,0,0.404866165213
"83",902,"Connecticut","CT",9,2,"Courtney , Joe","D",1,0,"01/03/19","01/03/21",0,0,1,0,0,0,1,0,0,0.640591448053
"84",903,"Connecticut","CT",9,3,"DeLauro, Rosa","D",1,0,"01/03/19","01/03/21",0,0,0,0,0,0,0,0,0,0.887351490572
"85",904,"Connecticut","CT",9,4,"Himes, Jim","D",1,0,"01/03/19","01/03/21",0,0,0,0,0,0,0,0,0,1.18214123378
"86",905,"Connecticut","CT",9,5,"Hayes, Jahana","D",1,0,"01/03/19","01/03/21",0,0,0,0,0,0,0,0,0,0.850872584565
"87",1000,"Delaware","DE",10,0,"Blunt Rochester, Lisa","D",1,0,"01/03/19","01/03/21",0,0,0,0,0,0,0,0,0,0.131009322306
"88",1198,"District of Columbia","DC",11,98,"Holmes Norton, Eleanor","D",1,0,"01/03/19","01/03/21",0,0,0,0,0,0,0,0,0,0.173309615326
"89",1201,"Florida","FL",12,1,"Gaetz, Matt","R",0,1,"01/03/19","01/03/21",0,0,1,0,0,0,1,0,0,0.163904593659
"90",1202,"Florida","FL",12,2,"Dunn, Neal","R",0,1,"01/03/19","01/03/21",0,0,0,0,0,0,0,0,0,1.35533289354
"91",1203,"Florida","FL",12,3,"Yoho, Ted","R",0,1,"01/03/19","01/03/21",0,0,0,0,0,0,0,0,0,0.272692070183
"92",1204,"Florida","FL",12,4,"Rutherford , John","R",0,1,"01/03/19","01/03/21",0,0,0,0,0,0,0,0,0,0.0323231750627
"93",1205,"Florida","FL",12,5,"Lawson, Al","D",1,0,"01/03/19","01/03/21",0,0,0,0,0,0,0,0,0,0.537050113699
"94",1206,"Florida","FL",12,6,"Waltz, Michael","R",0,1,"01/03/19","01/03/21",0,0,1,0,0,0,1,0,0,0.458973530788
"95",1207,"Florida","FL",12,7,"Murphy, Stephanie","D",1,0,"01/03/19","01/03/21",0,0,0,0,0,0,0,0,0,0.63514497377
"96",1208,"Florida","FL",12,8,"Posey, Bill","R",0,1,"01/03/19","01/03/21",0,0,0,0,0,0,0,0,0,0.115496234869
"97",1209,"Florida","FL",12,9,"Soto, Darren","D",1,0,"01/03/19","01/03/21",0,0,0,0,0,0,0,0,0,0.388156723545
"98",1210,"Florida","FL",12,10,"Demings, Val","D",1,0,"01/03/19","01/03/21",0,0,0,0,0,0,0,0,0,0.606230686754
"99",1211,"Florida","FL",12,11,"Webster , Daniel","R",0,1,"01/03/19","01/03/21",0,0,0,0,0,0,0,0,0,0.598395791247
"100",1212,"Florida","FL",12,12,"Bilirakis, Gus","R",0,1,"01/03/19","01/03/21",0,0,0,0,0,0,0,0,0,0.423223750844
"101",1213,"Florida","FL",12,13,"Crist, Charlie","D",1,0,"01/03/19","01/03/21",0,0,0,0,0,1,1,0,0,0.227743523062
"102",1214,"Florida","FL",12,14,"Castor, Kathy","D",1,0,"01/03/19","01/03/21",0,0,0,0,0,0,0,0,0,0.170552176067
"103",1215,"Florida","FL",12,15,"Spano, Ross","R",0,1,"01/03/19","01/03/21",0,0,0,0,0,0,0,0,0,0.632894094534
"104",1216,"Florida","FL",12,16,"Buchanan, Vern","R",0,1,"01/03/19","01/03/21",0,0,0,0,0,0,0,0,0,0.341773752287
"105",1217,"Florida","FL",12,17,"Steube, Greg","R",0,1,"01/03/19","01/03/21",0,0,0,0,0,0,0,0,0,0.498327769614
"106",1218,"Florida","FL",12,18,"Mast, Brian","R",0,1,"01/03/19","01/03/21",0,0,0,0,0,0,0,0,0,1.03256397885
"107",1219,"Florida","FL",12,19,"Rooney, Francis","R",0,1,"01/03/19","01/03/21",0,0,0,0,0,0,0,0,0,1.36693543744
"108",1220,"Florida","FL",12,20,"Hastings, Alcee","D",1,0,"01/03/19","01/03/21",0,0,0,0,0,0,0,0,0,1.38744515325
"109",1221,"Florida","FL",12,21,"Frankel, Lois","D",1,0,"01/03/19","01/03/21",0,0,0,0,0,0,0,1,1,1.58096697038
"110",1222,"Florida","FL",12,22,"Deutch, Ted","D",1,0,"01/03/19","01/03/21",0,0,0,0,0,0,0,0,0,1.79625789767
"111",1223,"Florida","FL",12,23,"Wasserman Schultz, Debbie","D",1,0,"01/03/19","01/03/21",0,0,0,0,0,0,0,0,0,1.90941433525
"112",1224,"Florida","FL",12,24,"Wilson, Frederica","D",1,0,"01/03/19","01/03/21",0,0,0,0,0,0,0,0,0,1.98592672125
"113",1225,"Florida","FL",12,25,"Díaz-Balart, Mario","R",0,1,"01/03/19","01/03/21",0,0,0,0,0,1,1,0,0,1.43358899909
"114",1226,"Florida","FL",12,26,"Mucarsel-Powell, Debbie","D",1,0,"01/03/19","01/03/21",0,0,0,0,0,0,0,0,0,0.93129865124
"115",1227,"Florida","FL",12,27,"Shalala, Donna","D",1,0,"01/03/19","01/03/21",0,0,0,0,0,0,0,1,1,1.84576568611
"116",1301,"Georgia","GA",13,1,"Carter, Buddy","R",0,1,"01/03/19","01/03/21",0,0,0,0,0,0,0,0,0,0.416261271291
"117",1302,"Georgia","GA",13,2,"Bishop, Sanford","D",1,0,"01/03/19","01/03/21",0,0,0,0,0,0,0,0,0,0.44732570709
"118",1303,"Georgia","GA",13,3,"Ferguson , Drew","R",0,1,"01/03/19","01/03/21",0,0,0,0,0,0,0,0,0,0.760719432057
"119",1304,"Georgia","GA",13,4,"Johnson, Hank","D",1,0,"01/03/19","01/03/21",0,0,0,0,0,0,0,0,0,1.17658355035
"120",1305,"Georgia","GA",13,5,"Lewis , John","D",1,0,"01/03/19","01/03/21",0,0,0,0,0,0,0,0,0,1.36374088777
"121",1306,"Georgia","GA",13,6,"McBath, Lucy","D",1,0,"01/03/19","01/03/21",0,0,0,0,0,0,0,0,0,1.58835867035
"122",1307,"Georgia","GA",13,7,"Woodall, Rob","R",0,1,"01/03/19","01/03/21",0,0,0,0,0,0,0,0,0,1.51030224212
"123",1308,"Georgia","GA",13,8,"Scott , Austin","R",0,1,"01/03/19","01/03/21",0,0,1,0,0,0,1,0,0,0.643602367623
"124",1309,"Georgia","GA",13,9,"Collins , Doug","R",0,1,"01/03/19","01/03/21",0,0,0,0,0,0,0,0,0,1.85068901706
"125",1310,"Georgia","GA",13,10,"Hice, Jody","R",0,1,"01/03/19","01/03/21",0,0,0,0,0,0,0,0,0,0.827418268677
"126",1311,"Georgia","GA",13,11,"Loudermilk, Barry","R",0,1,"01/03/19","01/03/21",0,0,0,0,0,0,0,0,0,1.38219359413
"127",1312,"Georgia","GA",13,12,"Allen, Rick","R",0,1,"01/03/19","01/03/21",0,0,0,0,0,0,0,0,0,0.734988111866
"128",1313,"Georgia","GA",13,13,"Scott , David","D",1,0,"01/03/19","01/03/21",0,0,0,0,0,0,0,0,0,1.25929168124
"129",1314,"Georgia","GA",13,14,"Graves, Tom","R",0,1,"01/03/19","01/03/21",0,0,0,0,0,0,0,0,0,1.11522240016
"130",1501,"Hawaii","HI",15,1,"Case, Ed","D",1,0,"01/03/19","01/03/21",0,0,0,0,0,0,0,0,0,0.0400549836292
"131",1502,"Hawaii","HI",15,2,"Gabbard, Tulsi","D",1,0,"01/03/19","01/03/21",0,0,1,0,0,0,1,0,0,0.124916395416
"132",1601,"Idaho","ID",16,1,"Fulcher, Russ","R",0,1,"01/03/19","01/03/21",0,0,0,0,0,0,0,0,0,2.32024242427
"133",1602,"Idaho","ID",16,2,"Simpson, Mike","R",0,1,"01/03/19","01/03/21",0,0,0,0,0,0,0,0,0,2.28498274961
"134",1701,"Illinois","IL",17,1,"Rush, Bobby","D",1,0,"01/03/19","01/03/21",0,0,0,0,0,0,0,0,0,0.884457264368
"135",1702,"Illinois","IL",17,2,"Kelly, Robin","D",1,0,"01/03/19","01/03/21",0,0,0,0,0,0,0,0,0,0.884908361754
"136",1703,"Illinois","IL",17,3,"Lipinski, Dan","D",1,0,"01/03/19","01/03/21",0,0,0,0,0,0,0,0,0,0.876600110122
"137",1704,"Illinois","IL",17,4,"García, Jesús ""Chuy"" ","D",1,0,"01/03/19","01/03/21",0,0,0,0,0,0,0,0,0,0.975970943883
"138",1705,"Illinois","IL",17,5,"Quigley , Mike","D",1,0,"01/03/19","01/03/21",0,0,0,0,0,0,0,0,0,1.06309140527
"139",1706,"Illinois","IL",17,6,"Casten, Sean","D",1,0,"01/03/19","01/03/21",0,0,0,0,0,0,0,0,0,0.808847274597
"140",1707,"Illinois","IL",17,7,"Davis, Danny K.","D",1,0,"01/03/19","01/03/21",0,0,0,0,0,0,0,0,0,1.1096603888
"141",1708,"Illinois","IL",17,8,"Krishnamoorthi, Raja","D",1,0,"01/03/19","01/03/21",0,0,0,0,0,0,0,0,0,0.927533910151
"142",1709,"Illinois","IL",17,9,"Schakowsky, Jan","D",1,0,"01/03/19","01/03/21",0,0,0,0,0,0,0,0,0,1.15891885081
"143",1710,"Illinois","IL",17,10,"Schneider, Brad","D",1,0,"01/03/19","01/03/21",0,0,0,0,0,0,0,0,0,1.23952850628
"144",1711,"Illinois","IL",17,11,"Foster , Bill","D",1,0,"01/03/19","01/03/21",0,0,0,0,0,0,0,0,0,0.642292179751
"145",1712,"Illinois","IL",17,12,"Bost, Mike","R",0,1,"01/03/19","01/03/21",0,0,0,0,0,0,0,0,0,0.694072897077
"146",1713,"Illinois","IL",17,13,"Davis , Rodney","R",0,1,"01/03/19","01/03/21",0,0,0,0,0,0,0,0,0,1.02657688142
"147",1714,"Illinois","IL",17,14,"Underwood, Lauren","D",1,0,"01/03/19","01/03/21",0,0,0,0,0,0,0,0,0,0.782013022644
"148",1715,"Illinois","IL",17,15,"Shimkus, John","R",0,1,"01/03/19","01/03/21",0,0,0,0,0,0,0,0,0,1.36210800127
"149",1716,"Illinois","IL",17,16,"Kinzinger, Adam","R",0,1,"01/03/19","01/03/21",0,0,0,0,0,0,0,0,0,0.161209853248
"150",1717,"Illinois","IL",17,17,"Bustos, Cheri","D",1,0,"01/03/19","01/03/21",0,0,0,0,0,1,1,0,0,1.19289138186
"151",1718,"Illinois","IL",17,18,"LaHood, Darin","R",0,1,"01/03/19","01/03/21",0,0,0,0,0,0,0,0,0,1.2957465659
"152",1801,"Indiana","IN",18,1,"Visclosky, Pete","D",1,0,"01/03/19","01/03/21",0,0,0,1,0,1,2,0,0,1.32283569649
"153",1802,"Indiana","IN",18,2,"Walorski, Jackie","R",0,1,"01/03/19","01/03/21",0,0,0,0,0,0,0,0,0,0.591291908797
"154",1803,"Indiana","IN",18,3,"Banks, Jim","R",0,1,"01/03/19","01/03/21",0,0,1,0,0,0,1,0,0,1.01823621283
"155",1804,"Indiana","IN",18,4,"Baird , Jim","R",0,1,"01/03/19","01/03/21",0,0,0,0,0,0,0,0,0,0.764991776936
"156",1805,"Indiana","IN",18,5,"Brooks, Susan","R",0,1,"01/03/19","01/03/21",0,0,0,0,0,0,0,0,0,0.495875995368
"157",1806,"Indiana","IN",18,6,"Pence, Greg","R",0,1,"01/03/19","01/03/21",0,0,0,0,0,0,0,0,0,0.457680424414
"158",1807,"Indiana","IN",18,7,"Carson, André","D",1,0,"01/03/19","01/03/21",0,0,0,0,0,0,0,0,0,0.461504874162
"159",1808,"Indiana","IN",18,8,"Bucshon, Larry","R",0,1,"01/03/19","01/03/21",0,0,0,0,0,0,0,0,0,0.398583750988
"160",1809,"Indiana","IN",18,9,"Hollingsworth, Trey","R",0,1,"01/03/19","01/03/21",0,0,0,0,0,0,0,0,0,0.53194110574
"161",1901,"Iowa","IA",19,1,"Finkenauer, Abby","D",1,0,"01/03/19","01/03/21",0,0,0,0,0,0,0,0,0,1.85003621644
"162",1902,"Iowa","IA",19,2,"Loebsack, Dave","D",1,0,"01/03/19","01/03/21",0,0,0,0,0,0,0,0,0,0.997062290514
"163",1903,"Iowa","IA",19,3,"Axne, Cindy","D",1,0,"01/03/19","01/03/21",0,0,0,0,0,0,0,0,0,1.04929630814
"164",1904,"Iowa","IA",19,4,"King, Steve","R",0,1,"01/03/19","01/03/21",0,0,0,0,0,0,0,0,0,1.18454451515
"165",2001,"Kansas","KS",20,1,"Marshall , Roger","R",0,1,"01/03/19","01/03/21",0,0,0,0,0,0,0,0,0,1.57100039252
"166",2002,"Kansas","KS",20,2,"Watkins, Steve","R",0,1,"01/03/19","01/03/21",0,0,0,0,0,0,0,0,0,1.01781847787
"167",2003,"Kansas","KS",20,3,"Davids, Sharice","D",1,0,"01/03/19","01/03/21",0,0,0,0,0,0,0,0,0,0.488238163926
"168",2004,"Kansas","KS",20,4,"Estes, Ron","R",0,1,"01/03/19","01/03/21",0,0,0,0,0,0,0,0,0,0.486332452565
"169",2101,"Kentucky","KY",21,1,"Comer , James","R",0,1,"01/03/19","01/03/21",0,0,0,0,0,0,0,0,0,0.193715221577
"170",2102,"Kentucky","KY",21,2,"Guthrie, Brett","R",0,1,"01/03/19","01/03/21",0,0,0,0,0,0,0,0,0,0.385357346373
"171",2103,"Kentucky","KY",21,3,"Yarmuth, John","D",1,0,"01/03/19","01/03/21",0,0,0,0,0,0,0,0,0,0.338616098963
"172",2104,"Kentucky","KY",21,4,"Massie, Thomas","R",0,1,"01/03/19","01/03/21",0,0,0,0,0,0,0,0,0,0.896572334021
"173",2105,"Kentucky","KY",21,5,"Rogers, Hal","R",0,1,"01/03/19","01/03/21",0,0,0,0,0,1,1,0,0,0.769702680169
"174",2106,"Kentucky","KY",21,6,"Barr , Andy","R",0,1,"01/03/19","01/03/21",0,0,0,0,0,0,0,0,0,0.353567038926
"175",2201,"Louisiana","LA",22,1,"Scalise, Steve","R",0,1,"01/03/19","01/03/21",0,0,0,0,0,0,0,0,0,0.214934947663
"176",2202,"Louisiana","LA",22,2,"Richmond, Cedric","D",1,0,"01/03/19","01/03/21",0,0,0,0,0,0,0,0,0,0.623760957335
"177",2203,"Louisiana","LA",22,3,"Higgins, Clay","R",0,1,"01/03/19","01/03/21",0,0,0,0,0,0,0,0,0,1.23291493181
"178",2204,"Louisiana","LA",22,4,"Johnson , Mike","R",0,1,"01/03/19","01/03/21",0,0,0,0,0,0,0,0,0,0.752231756313
"179",2205,"Louisiana","LA",22,5,"Abraham , Ralph","R",0,1,"01/03/19","01/03/21",0,0,1,0,0,0,1,0,0,0.573865940448
"180",2206,"Louisiana","LA",22,6,"Graves, Garret","R",0,1,"01/03/19","01/03/21",0,0,0,0,0,0,0,0,0,1.10265669465
"181",2301,"Maine","ME",23,1,"Pingree, Chellie","D",1,0,"01/03/19","01/03/21",0,0,0,0,0,0,0,0,0,0.0454440399292
"182",2302,"Maine","ME",23,2,"Golden, Jared","D",1,0,"01/03/19","01/03/21",0,0,1,0,0,0,1,0,0,1.83124071474
"183",2401,"Maryland","MD",24,1,"Harris , Andy","R",0,1,"01/03/19","01/03/21",0,0,0,0,0,0,0,0,0,0.625946000317
"184",2402,"Maryland","MD",24,2,"Ruppersberger, Dutch","D",1,0,"01/03/19","01/03/21",0,0,0,0,0,1,1,0,0,0.215481598759
"185",2403,"Maryland","MD",24,3,"Sarbanes, John","D",1,0,"01/03/19","01/03/21",0,0,0,0,0,0,0,0,0,0.0868466675545
"186",2404,"Maryland","MD",24,4,"Brown, Anthony G.","D",1,0,"01/03/19","01/03/21",0,0,1,0,0,0,1,0,0,0.195989991802
"187",2405,"Maryland","MD",24,5,"Hoyer, Steny","D",1,0,"01/03/19","01/03/21",0,0,0,0,0,0,0,0,0,0.346080763818
"188",2406,"Maryland","MD",24,6,"Trone, David","D",1,0,"01/03/19","01/03/21",0,0,0,0,0,0,0,0,0,1.58095273649
"189",2407,"Maryland","MD",24,7,"Cummings, Elijah","D",1,0,"01/03/19","10/17/2019",0,0,0,0,0,0,0,0,0,0.316752334886
"190",2407,"Maryland","MD",24,7,"Mfume, Kweisi","D",1,0,"5/5/2020","01/03/21",0,0,0,0,0,0,0,0,0,0.316752334886
"191",2408,"Maryland","MD",24,8,"Raskin, Jamie","D",1,0,"01/03/19","01/03/21",0,0,0,0,0,0,0,1,1,0.604146433152
"192",2501,"Massachusetts","MA",25,1,"Neal, Richard","D",1,0,"01/03/19","01/03/21",0,0,0,0,0,0,0,0,0,0.343011412434
"193",2502,"Massachusetts","MA",25,2,"McGovern , Jim","D",1,0,"01/03/19","01/03/21",0,0,0,0,0,0,0,0,0,0.458469879464
"194",2503,"Massachusetts","MA",25,3,"Trahan, Lori","D",1,0,"01/03/19","01/03/21",0,0,1,0,0,0,1,0,0,0.358534635811
"195",2504,"Massachusetts","MA",25,4,"Kennedy III, Joe","D",1,0,"01/03/19","01/03/21",0,0,0,0,0,0,0,0,0,0.746478498664
"196",2505,"Massachusetts","MA",25,5,"Clark, Katherine","D",1,0,"01/03/19","01/03/21",0,0,0,0,0,0,0,0,0,0.674391406112
"197",2506,"Massachusetts","MA",25,6,"Moulton, Seth","D",1,0,"01/03/19","01/03/21",0,0,1,0,0,0,1,0,0,0.820954256482
"198",2507,"Massachusetts","MA",25,7,"Pressley, Ayanna","D",1,0,"01/03/19","01/03/21",0,0,0,0,0,0,0,0,0,0.78241956485
"199",2508,"Massachusetts","MA",25,8,"Lynch, Stephen F.","D",1,0,"01/03/19","01/03/21",0,0,0,0,0,0,0,0,0,0.633382336449
"200",2509,"Massachusetts","MA",25,9,"Keating , Bill","D",1,0,"01/03/19","01/03/21",0,0,1,0,0,0,1,0,0,0.0634109376601
"201",2601,"Michigan","MI",26,1,"Bergman, Jack","R",0,1,"01/03/19","01/03/21",0,0,1,0,0,0,1,0,0,2.24865859775
"202",2602,"Michigan","MI",26,2,"Huizenga, Bill","R",0,1,"01/03/19","01/03/21",0,0,0,0,0,0,0,0,0,1.48771777204
"203",2603,"Michigan","MI",26,3,"Amash, Justin","I",0,0,"01/03/19","01/03/21",0,0,0,0,0,0,0,1,1,0.42433938625
"204",2604,"Michigan","MI",26,4,"Moolenaar, John","R",0,1,"01/03/19","01/03/21",0,0,0,0,0,0,0,0,0,0.871535891812
"205",2605,"Michigan","MI",26,5,"Kildee, Dan","D",1,0,"01/03/19","01/03/21",0,0,0,0,0,0,0,0,0,1.10234407571
"206",2606,"Michigan","MI",26,6,"Upton, Fred","R",0,1,"01/03/19","01/03/21",0,0,0,0,0,0,0,0,0,0.848886080208
"207",2607,"Michigan","MI",26,7,"Walberg, Tim","R",0,1,"01/03/19","01/03/21",0,0,0,0,0,0,0,0,0,1.03386693931
"208",2608,"Michigan","MI",26,8,"Slotkin, Elissa","D",1,0,"01/03/19","01/03/21",0,0,1,0,0,0,1,0,0,1.10573503131
"209",2609,"Michigan","MI",26,9,"Levin, Andy","D",1,0,"01/03/19","01/03/21",0,0,0,0,0,0,0,0,0,0.229727554176
"210",2610,"Michigan","MI",26,10,"Mitchell , Paul","R",0,1,"01/03/19","01/03/21",0,0,1,0,0,0,1,0,0,0.850996356336
"211",2611,"Michigan","MI",26,11,"Stevens, Haley","D",1,0,"01/03/19","01/03/21",0,0,0,0,0,0,0,0,0,0.62640006752
"212",2612,"Michigan","MI",26,12,"Dingell, Debbie","D",1,0,"01/03/19","01/03/21",0,0,0,0,0,0,0,1,1,0.733544198242
"213",2613,"Michigan","MI",26,13,"Tlaib, Rashida","D",1,0,"01/03/19","01/03/21",0,0,0,0,0,0,0,0,0,0.596415787022
"214",2614,"Michigan","MI",26,14,"Lawrence, Brenda","D",1,0,"01/03/19","01/03/21",0,0,0,0,0,0,0,0,0,0.444581505963
"215",2701,"Minnesota","MN",27,1,"Hagedorn, Jim","R",0,1,"01/03/19","01/03/21",0,0,0,0,0,0,0,0,0,1.32191419412
"216",2702,"Minnesota","MN",27,2,"Craig, Angie","D",1,0,"01/03/19","01/03/21",0,0,0,0,0,0,0,0,0,0.684714349615
"217",2703,"Minnesota","MN",27,3,"Phillips, Dean","D",1,0,"01/03/19","01/03/21",0,0,0,0,0,0,0,0,0,0.375775469845
"218",2704,"Minnesota","MN",27,4,"McCollum, Betty","D",1,0,"01/03/19","01/03/21",0,0,0,0,0,1,1,0,0,0.207344351426
"219",2705,"Minnesota","MN",27,5,"Omar, Ilhan","D",1,0,"01/03/19","01/03/21",0,0,0,0,0,0,0,1,1,0.171281570568
"220",2706,"Minnesota","MN",27,6,"Emmer, Tom","R",0,1,"01/03/19","01/03/21",0,0,0,0,0,0,0,0,0,0.727978804723
"221",2707,"Minnesota","MN",27,7,"Peterson, Collin","D",1,0,"01/03/19","01/03/21",0,0,0,0,0,0,0,0,0,1.32191256334
"222",2708,"Minnesota","MN",27,8,"Stauber, Pete","R",0,1,"01/03/19","01/03/21",0,0,0,0,0,0,0,0,0,1.7974501086
"223",2801,"Mississippi","MS",28,1,"Kelly, Trent","R",0,1,"01/03/19","01/03/21",0,0,1,0,0,0,1,0,0,0.784780496354
"224",2802,"Mississippi","MS",28,2,"Thompson, Bennie","D",1,0,"01/03/19","01/03/21",0,0,0,0,0,0,0,1,1,0.8342352012
"225",2803,"Mississippi","MS",28,3,"Guest , Michael","R",0,1,"01/03/19","01/03/21",0,0,0,0,0,0,0,0,0,1.0060823507
"226",2804,"Mississippi","MS",28,4,"Palazzo, Steven","R",0,1,"01/03/19","01/03/21",0,0,0,0,0,0,0,0,0,0.213291459799
"227",2901,"Missouri","MO",29,1,"Clay, Lacy","D",1,0,"01/03/19","01/03/21",0,0,0,0,0,0,0,0,0,0.478574238605
"228",2902,"Missouri","MO",29,2,"Wagner, Ann","R",0,1,"01/03/19","01/03/21",0,0,0,0,0,0,0,0,0,0.683207357564
"229",2903,"Missouri","MO",29,3,"Luetkemeyer, Blaine","R",0,1,"01/03/19","01/03/21",0,0,0,0,0,0,0,0,0,1.06026934106
"230",2904,"Missouri","MO",29,4,"Hartzler, Vicky","R",0,1,"01/03/19","01/03/21",0,0,1,0,0,0,1,0,0,0.510721467415
"231",2905,"Missouri","MO",29,5,"Cleaver, Emanuel","D",1,0,"01/03/19","01/03/21",0,0,0,0,0,0,0,0,0,0.463274784997
"232",2906,"Missouri","MO",29,6,"Graves, Sam","R",0,1,"01/03/19","01/03/21",0,0,1,0,0,0,1,0,0,1.23497773848
"233",2907,"Missouri","MO",29,7,"Long, Billy","R",0,1,"01/03/19","01/03/21",0,0,0,0,0,0,0,0,0,0.695563435817
"234",2908,"Missouri","MO",29,8,"Smith , Jason","R",0,1,"01/03/19","01/03/21",0,0,0,0,0,0,0,0,0,0.718340268649
"235",3000,"Montana","MT",30,0,"Gianforte, Greg","R",0,1,"01/03/19","01/03/21",0,0,0,0,0,0,0,0,0,1.60830312328
"236",3101,"Nebraska","NE",31,1,"Fortenberry, Jeff","R",0,1,"01/03/19","01/03/21",0,0,0,0,0,0,0,0,0,1.66700176711
"237",3102,"Nebraska","NE",31,2,"Bacon , Don","R",0,1,"01/03/19","01/03/21",0,0,1,0,0,0,1,0,0,2.14697623387
"238",3103,"Nebraska","NE",31,3,"Smith , Adrian","R",0,1,"01/03/19","01/03/21",0,0,0,0,0,0,0,0,0,2.19891290323
"239",3201,"Nevada","NV",32,1,"Titus, Dina","D",1,0,"01/03/19","01/03/21",0,0,0,0,0,0,0,0,0,0.191088456286
"240",3202,"Nevada","NV",32,2,"Amodei, Mark","R",0,1,"01/03/19","01/03/21",0,0,0,0,0,0,0,0,0,1.30206555029
"241",3203,"Nevada","NV",32,3,"Lee, Susie","D",1,0,"01/03/19","01/03/21",0,0,0,0,0,0,0,0,0,0.526190233322
"242",3204,"Nevada","NV",32,4,"Horsford, Steven","D",1,0,"01/03/19","01/03/21",0,0,0,0,0,0,0,0,0,0.802654169666
"243",3301,"New Hampshire","NH",33,1,"Pappas , Chris","D",1,0,"01/03/19","01/03/21",0,0,0,0,0,0,0,1,1,0.679877509662
"244",3302,"New Hampshire","NH",33,2,"McLane Kuster, Ann","D",1,0,"01/03/19","01/03/21",0,0,0,0,0,0,0,0,0,0.835814627656
"245",3401,"New Jersey","NJ",34,1,"Norcross, Donald","D",1,0,"01/03/19","01/03/21",0,0,1,0,0,0,1,0,0,0.524891940916
"246",3402,"New Jersey","NJ",34,2,"Van Drew, Jeff","R",0,1,"01/03/19","01/03/21",0,0,0,0,0,0,0,0,0,0.55212533499
"247",3403,"New Jersey","NJ",34,3,"Kim , Andy","D",1,0,"01/03/19","01/03/21",0,0,1,0,0,0,1,0,0,0.118819428872
"248",3404,"New Jersey","NJ",34,4,"Smith , Chris","R",0,1,"01/03/19","01/03/21",0,0,0,0,0,0,0,0,0,0.147944163071
"249",3405,"New Jersey","NJ",34,5,"Gottheimer, Josh","D",1,0,"01/03/19","01/03/21",0,0,0,0,0,0,0,0,0,0.322786355637
"250",3406,"New Jersey","NJ",34,6,"Pallone, Frank","D",1,0,"01/03/19","01/03/21",0,0,0,0,0,0,0,0,0,0.215010043383
"251",3407,"New Jersey","NJ",34,7,"Malinowski, Tom","D",1,0,"01/03/19","01/03/21",0,0,0,0,0,0,0,1,1,0.407201789213
"252",3408,"New Jersey","NJ",34,8,"Sires, Albio","D",1,0,"01/03/19","01/03/21",0,0,0,0,0,0,0,0,0,0.468794017168
"253",3409,"New Jersey","NJ",34,9,"Pascrell, Bill","D",1,0,"01/03/19","01/03/21",0,0,0,0,0,0,0,0,0,0.479986780398
"254",3410,"New Jersey","NJ",34,10,"Payne Jr, Donald","D",1,0,"01/03/19","01/03/21",0,0,0,0,0,0,0,0,0,0.416233070872
"255",3411,"New Jersey","NJ",34,11,"Sherrill, Mikie","D",1,0,"01/03/19","01/03/21",0,0,1,0,0,0,1,0,0,0.10536425005
"256",3412,"New Jersey","NJ",34,12,"Watson Coleman, Bonnie","D",1,0,"01/03/19","01/03/21",0,0,0,0,0,0,0,0,0,0.344634910096
"257",3501,"New Mexico","NM",35,1,"Haaland, Deb","D",1,0,"01/03/19","01/03/21",0,0,1,0,0,0,1,0,0,0.483693114665
"258",3502,"New Mexico","NM",35,2,"Torres Small, Xochitl","D",1,0,"01/03/19","01/03/21",0,0,1,0,0,0,1,0,0,0.289814662574
"259",3503,"New Mexico","NM",35,3,"Ray Luján, Ben","D",1,0,"01/03/19","01/03/21",0,0,0,0,0,0,0,0,0,1.19639216793
"260",3601,"New York","NY",36,1,"Zeldin, Lee","R",0,1,"01/03/19","01/03/21",0,0,0,0,0,0,0,0,0,1.21895573839
"261",3602,"New York","NY",36,2,"King, Peter T.","R",0,1,"01/03/19","01/03/21",0,0,0,0,0,0,0,0,0,0.956383396356
"262",3603,"New York","NY",36,3,"Suozzi, Thomas","D",1,0,"01/03/19","01/03/21",0,0,0,0,0,0,0,0,0,0.887923040849
"263",3604,"New York","NY",36,4,"Rice, Kathleen","D",1,0,"01/03/19","01/03/21",0,0,0,0,0,0,0,0,0,0.665052036934
"264",3605,"New York","NY",36,5,"Meeks, Gregory","D",1,0,"01/03/19","01/03/21",0,0,0,0,0,0,0,0,0,0.475219444566
"265",3606,"New York","NY",36,6,"Meng, Grace","D",1,0,"01/03/19","01/03/21",0,0,0,0,0,0,0,0,0,0.580773765057
"266",3607,"New York","NY",36,7,"Velázquez, Nydia","D",1,0,"01/03/19","01/03/21",0,0,0,0,0,0,0,0,0,0.514228382536
"267",3608,"New York","NY",36,8,"Jeffries, Hakeem","D",1,0,"01/03/19","01/03/21",0,0,0,0,0,0,0,0,0,0.438014594201
"268",3609,"New York","NY",36,9,"Clarke, Yvette","D",1,0,"01/03/19","01/03/21",0,0,0,0,0,0,0,0,0,0.436526059069
"269",3610,"New York","NY",36,10,"Nadler, Jerry","D",1,0,"01/03/19","01/03/21",0,0,0,0,0,0,0,0,0,0.466927277349
"270",3611,"New York","NY",36,11,"Rose, Max","D",1,0,"01/03/19","01/03/21",0,0,0,0,0,0,0,0,0,0.313038302374
"271",3612,"New York","NY",36,12,"Maloney, Carolyn","D",1,0,"01/03/19","01/03/21",0,0,0,0,0,0,0,0,0,0.533988322002
"272",3613,"New York","NY",36,13,"Espaillat, Adriano","D",1,0,"01/03/19","01/03/21",0,0,0,0,0,0,0,0,0,0.623297812238
"273",3614,"New York","NY",36,14,"Ocasio-Cortez, Alexandria","D",1,0,"01/03/19","01/03/21",0,0,0,0,0,0,0,2,1,0.638740492262
"274",3615,"New York","NY",36,15,"Serrano, José E.","D",1,0,"01/03/19","01/03/21",0,0,0,0,0,0,0,0,0,0.625791177068
"275",3616,"New York","NY",36,16,"Engel, Eliot","D",1,0,"01/03/19","01/03/21",0,0,0,0,0,0,0,2,1,0.75368470555
"276",3617,"New York","NY",36,17,"Lowey, Nita","D",1,0,"01/03/19","01/03/21",0,0,0,0,0,0,0,0,0,0.665547611168
"277",3618,"New York","NY",36,18,"Patrick Maloney, Sean","D",1,0,"01/03/19","01/03/21",0,0,0,0,0,0,0,0,0,0.652006963479
"278",3619,"New York","NY",36,19,"Delgado , Antonio","D",1,0,"01/03/19","01/03/21",0,0,0,0,0,0,0,0,0,1.26724871064
"279",3620,"New York","NY",36,20,"Tonko, Paul","D",1,0,"01/03/19","01/03/21",0,0,0,0,0,0,0,0,0,1.55540005035
"280",3621,"New York","NY",36,21,"Stefanik, Elise","R",0,1,"01/03/19","01/03/21",0,0,1,0,0,0,1,0,0,1.00087109831
"281",3622,"New York","NY",36,22,"Brindisi, Anthony","D",1,0,"01/03/19","01/03/21",0,0,1,0,0,0,1,1,1,1.25143562304
"282",3623,"New York","NY",36,23,"Reed , Tom","R",0,1,"01/03/19","01/03/21",0,0,0,0,0,0,0,0,0,2.25937064458
"283",3624,"New York","NY",36,24,"Katko, John","R",0,1,"01/03/19","01/03/21",0,0,0,0,0,0,0,0,0,1.40099920394
"284",3625,"New York","NY",36,25,"Morelle, Joseph","D",1,0,"01/03/19","01/03/21",0,0,0,0,0,0,0,0,0,2.22558358774
"285",3626,"New York","NY",36,26,"Higgins, Brian","D",1,0,"01/03/19","01/03/21",0,0,0,0,0,0,0,0,0,2.85383793085
"286",3627,"New York","NY",36,27,"Collins , Chris","R",0,1,"01/03/19","10/01/19",0,0,0,0,0,0,0,0,0,2.94812352651
"287",3701,"North Carolina","NC",37,1,"Butterfield, G.K.","D",1,0,"01/03/19","01/03/21",0,0,0,0,0,0,0,0,0,0.907972426545
"288",3702,"North Carolina","NC",37,2,"Holding, George","R",0,1,"01/03/19","01/03/21",0,0,0,0,0,0,0,0,0,0.610570907658
"289",3703,"North Carolina","NC",37,3,"Jones, Walter B., Jr.","R",0,1,"01/03/19","02/10/19",0,0,0,0,0,0,0,0,0,0.441609559814
"290",3704,"North Carolina","NC",37,4,"Price , David","D",1,0,"01/03/19","01/03/21",0,0,0,0,0,0,0,0,0,0.78694636517
"291",3705,"North Carolina","NC",37,5,"Foxx, Virginia","R",0,1,"01/03/19","01/03/21",0,0,0,0,0,0,0,0,0,1.02615350168
"292",3706,"North Carolina","NC",37,6,"Walker , Mark","R",0,1,"01/03/19","01/03/21",0,0,0,0,0,0,0,0,0,0.93642800009
"293",3707,"North Carolina","NC",37,7,"Rouzer, David","R",0,1,"01/03/19","01/03/21",0,0,0,0,0,0,0,0,0,0.656785322752
"294",3708,"North Carolina","NC",37,8,"Hudson , Richard","R",0,1,"01/03/19","01/03/21",0,0,0,0,0,0,0,0,0,0.413388218164
"295",3709,"North Carolina","NC",37,9,"Bishop, Dan","R",0,1,"03/10/19","01/03/21",0,0,0,0,0,0,0,0,0,0.186490154471
"296",3710,"North Carolina","NC",37,10,"McHenry, Patrick","R",0,1,"01/03/19","01/03/21",0,0,0,0,0,0,0,0,0,1.4975368242
"297",3711,"North Carolina","NC",37,11,"Meadows , Mark","R",0,1,"01/03/19","03/30/20",0,0,0,0,0,0,0,0,0,1.01749462771
"298",3712,"North Carolina","NC",37,12,"Adams, Alma","D",1,0,"01/03/19","01/03/21",0,0,0,0,0,0,0,0,0,1.23483226179
"299",3713,"North Carolina","NC",37,13,"Budd, Ted","R",0,1,"01/03/19","01/03/21",0,0,0,0,0,0,0,0,0,1.27029624261
"300",3800,"North Dakota","ND",38,0,"Armstrong, Kelly","R",0,1,"01/03/19","01/03/21",0,0,0,0,0,0,0,0,0,1.30549719811
"301",3901,"Ohio","OH",39,1,"Chabot, Steve","R",0,1,"01/03/19","01/03/21",0,0,0,0,0,0,0,0,0,0.564103132176
"302",3902,"Ohio","OH",39,2,"Wenstrup, Brad","R",0,1,"01/03/19","01/03/21",0,0,0,0,0,0,0,0,0,0.933174111921
"303",3903,"Ohio","OH",39,3,"Beatty, Joyce","D",1,0,"01/03/19","01/03/21",0,0,0,0,0,0,0,0,0,1.11149479395
"304",3904,"Ohio","OH",39,4,"Jordan , Jim","R",0,1,"01/03/19","01/03/21",0,0,0,0,0,0,0,0,0,0.90350113158
"305",3905,"Ohio","OH",39,5,"Latta, Bob","R",0,1,"01/03/19","01/03/21",0,0,0,0,0,0,0,0,0,1.33763002326
"306",3906,"Ohio","OH",39,6,"Johnson , Bill","R",0,1,"01/03/19","01/03/21",0,0,0,0,0,0,0,0,0,1.49884071069
"307",3907,"Ohio","OH",39,7,"Gibbs, Bob","R",0,1,"01/03/19","01/03/21",0,0,0,0,0,0,0,0,0,0.607400617803
"308",3908,"Ohio","OH",39,8,"Davidson, Warren","R",0,1,"01/03/19","01/03/21",0,0,0,0,0,0,0,0,0,0.212694326301
"309",3909,"Ohio","OH",39,9,"Kaptur, Marcy","D",1,0,"01/03/19","01/03/21",0,0,0,0,0,1,1,0,0,1.03102399964
"310",3910,"Ohio","OH",39,10,"Turner, Mike","R",0,1,"01/03/19","01/03/21",0,0,1,0,0,0,1,1,1,0.149237480517
"311",3911,"Ohio","OH",39,11,"Fudge, Marcia","D",1,0,"01/03/19","01/03/21",0,0,0,0,0,0,0,0,0,0.704395709473
"312",3912,"Ohio","OH",39,12,"Balderson, Troy","R",0,1,"01/03/19","01/03/21",0,0,0,0,0,0,0,0,0,1.49589769888
"313",3913,"Ohio","OH",39,13,"Ryan , Tim","D",1,0,"01/03/19","01/03/21",0,0,0,0,0,1,1,0,0,0.121734109192
"314",3914,"Ohio","OH",39,14,"Joyce , David","R",0,1,"01/03/19","01/03/21",0,0,0,0,0,0,0,0,0,0.560017870545
"315",3915,"Ohio","OH",39,15,"Stivers, Steve","R",0,1,"01/03/19","01/03/21",0,0,0,0,0,0,0,0,0,1.32006421642
"316",3916,"Ohio","OH",39,16,"Gonzalez, Anthony","R",0,1,"01/03/19","01/03/21",0,0,0,0,0,0,0,0,0,0.691036574445
"317",4001,"Oklahoma","OK",40,1,"Hern, Kevin","R",0,1,"01/03/19","01/03/21",0,0,0,0,0,0,0,0,0,0.802744939647
"318",4002,"Oklahoma","OK",40,2,"Mullin, Markwayne","R",0,1,"01/03/19","01/03/21",0,0,0,0,0,0,0,0,0,0.590312918315
"319",4003,"Oklahoma","OK",40,3,"Lucas , Frank","R",0,1,"01/03/19","01/03/21",0,0,0,0,0,0,0,0,0,0.953266207166
"320",4004,"Oklahoma","OK",40,4,"Cole, Tom","R",0,1,"01/03/19","01/03/21",0,0,0,0,0,1,1,0,0,0.739869286715
"321",4005,"Oklahoma","OK",40,5,"Horn, Kendra","D",1,0,"01/03/19","01/03/21",0,0,1,0,0,0,1,8,1,0.414741053781
"322",4101,"Oregon","OR",41,1,"Bonamici, Suzanne","D",1,0,"01/03/19","01/03/21",0,0,0,0,0,0,0,0,0,1.51834064969
"323",4102,"Oregon","OR",41,2,"Walden, Greg","R",0,1,"01/03/19","01/03/21",0,0,0,0,0,0,0,0,0,1.86585236496
"324",4103,"Oregon","OR",41,3,"Blumenauer, Earl","D",1,0,"01/03/19","01/03/21",0,0,0,0,0,0,0,2,1,1.68733848278
"325",4104,"Oregon","OR",41,4,"DeFazio, Peter","D",1,0,"01/03/19","01/03/21",0,0,0,0,0,0,0,0,0,3.62137262511
"326",4105,"Oregon","OR",41,5,"Schrader, Kurt","D",1,0,"01/03/19","01/03/21",0,0,0,0,0,0,0,0,0,2.10798901945
"327",4201,"Pennsylvania","PA",42,1,"Fitzpatrick , Brian","R",0,1,"01/03/19","01/03/21",0,0,0,0,0,0,0,0,0,0.607096182436
"328",4202,"Pennsylvania","PA",42,2,"Boyle, Brendan","D",1,0,"01/03/19","01/03/21",0,0,0,0,0,0,0,0,0,0.471229817677
"329",4203,"Pennsylvania","PA",42,3,"Evans , Dwight","D",1,0,"01/03/19","01/03/21",0,0,0,0,0,0,0,0,0,0.608724988705
"330",4204,"Pennsylvania","PA",42,4,"Dean, Madeleine","D",1,0,"01/03/19","01/03/21",0,0,0,0,0,0,0,0,0,0.83177006937
"331",4205,"Pennsylvania","PA",42,5,"Gay Scanlon, Mary","D",1,0,"01/03/19","01/03/21",0,0,0,0,0,0,0,0,0,0.793505966421
"332",4206,"Pennsylvania","PA",42,6,"Houlahan, Chrissy","D",1,0,"01/03/19","01/03/21",0,0,1,0,0,0,1,0,0,0.774442933281
"333",4207,"Pennsylvania","PA",42,7,"Wild, Susan","D",1,0,"01/03/19","01/03/21",0,0,0,0,0,0,0,0,0,0.901833225124
"334",4208,"Pennsylvania","PA",42,8,"Cartwright, Matt","D",1,0,"01/03/19","01/03/21",0,0,0,0,0,0,0,0,0,0.956574215772
"335",4209,"Pennsylvania","PA",42,9,"Meuser, Dan","R",0,1,"01/03/19","01/03/21",0,0,0,0,0,0,0,0,0,0.565089750419
"336",4210,"Pennsylvania","PA",42,10,"Perry , Scott","R",0,1,"01/03/19","01/03/21",0,0,0,0,0,0,0,0,0,0.288259180957
"337",4211,"Pennsylvania","PA",42,11,"Smucker, Lloyd","R",0,1,"01/03/19","01/03/21",0,0,0,0,0,0,0,0,0,0.522091290739
"338",4212,"Pennsylvania","PA",42,12,"Keller, Fred","R",0,1,"05/21/19","01/03/21",0,0,0,0,0,0,0,0,0,1.00462949329
"339",4212,"Pennsylvania","PA",42,12,"Marino, Tom","R",0,1,"01/03/19","1/23/2019",0,0,0,0,0,0,0,0,0,1.00462949329
"340",4213,"Pennsylvania","PA",42,13,"Joyce , John","R",0,1,"01/03/19","01/03/21",0,0,0,0,0,0,0,0,0,0.56204503172
"341",4214,"Pennsylvania","PA",42,14,"Reschenthaler, Guy","R",0,1,"01/03/19","01/03/21",0,0,0,0,0,0,0,0,0,1.60377164058
"342",4215,"Pennsylvania","PA",42,15,"Thompson , Glenn","R",0,1,"01/03/19","01/03/21",0,0,0,0,0,0,0,0,0,1.69063021978
"343",4216,"Pennsylvania","PA",42,16,"Kelly , Mike","R",0,1,"01/03/19","01/03/21",0,0,0,0,0,0,0,0,0,1.04586360731
"344",4217,"Pennsylvania","PA",42,17,"Lamb, Conor","D",1,0,"01/03/19","01/03/21",0,0,0,0,0,0,0,0,0,1.06960888105
"345",4218,"Pennsylvania","PA",42,18,"Doyle , Mike","D",1,0,"01/03/19","01/03/21",0,0,0,0,0,0,0,0,0,1.4422657774
"346",4401,"Rhode Island","RI",44,1,"Cicilline, David","D",1,0,"01/03/19","01/03/21",0,0,0,0,0,0,0,1,1,0.792890960653
"347",4402,"Rhode Island","RI",44,2,"Langevin, James","D",1,0,"01/03/19","01/03/21",0,0,1,0,0,0,1,1,1,1.08256421801
"348",4501,"South Carolina","SC",45,1,"Cunningham , Joe","D",1,0,"01/03/19","01/03/21",0,0,0,0,0,0,0,0,0,0.207223217013
"349",4502,"South Carolina","SC",45,2,"Wilson , Joe","R",0,1,"01/03/19","01/03/21",0,0,1,0,0,0,1,0,0,0.298056889083
"350",4503,"South Carolina","SC",45,3,"Duncan , Jeff","R",0,1,"01/03/19","01/03/21",0,0,0,0,0,0,0,0,0,1.0041064193
"351",4504,"South Carolina","SC",45,4,"Timmons, William","R",0,1,"01/03/19","01/03/21",0,0,0,0,0,0,0,0,0,1.58598532226
"352",4505,"South Carolina","SC",45,5,"Norman, Ralph","R",0,1,"01/03/19","01/03/21",0,0,0,0,0,0,0,0,0,0.534619361306
"353",4506,"South Carolina","SC",45,6,"Clyburn, Jim","D",1,0,"01/03/19","01/03/21",0,0,0,0,0,0,0,0,0,0.57126873855
"354",4507,"South Carolina","SC",45,7,"Rice, Tom","R",0,1,"01/03/19","01/03/21",0,0,0,0,0,0,0,0,0,0.940863660753
"355",4600,"South Dakota","SD",46,0,"Johnson, Dusty","R",0,1,"01/03/19","01/03/21",0,0,0,0,0,0,0,0,0,2.87629012818
"356",4701,"Tennessee","TN",47,1,"Roe , Phil","R",0,1,"01/03/19","01/03/21",0,0,0,0,0,0,0,0,0,0.342960656482
"357",4702,"Tennessee","TN",47,2,"Burchett, Tim","R",0,1,"01/03/19","01/03/21",0,0,0,0,0,0,0,0,0,1.27197496896
"358",4703,"Tennessee","TN",47,3,"Fleischmann, Chuck","R",0,1,"01/03/19","01/03/21",0,0,0,0,0,0,0,0,0,1.62601153793
"359",4704,"Tennessee","TN",47,4,"DesJarlais, Scott","R",0,1,"01/03/19","01/03/21",0,0,1,0,0,0,1,0,0,0.598916544943
"360",4705,"Tennessee","TN",47,5,"Cooper, Jim","D",1,0,"01/03/19","01/03/21",0,0,1,0,0,0,1,0,0,0.709680043919
"361",4706,"Tennessee","TN",47,6,"Rose , John","R",0,1,"01/03/19","01/03/21",0,0,0,0,0,0,0,0,0,0.886502339003
"362",4707,"Tennessee","TN",47,7,"Green, Mark E.","R",0,1,"01/03/19","01/03/21",0,0,0,0,0,0,0,0,0,0.905973186299
"363",4708,"Tennessee","TN",47,8,"Kustoff, David","R",0,1,"01/03/19","01/03/21",0,0,0,0,0,0,0,0,0,0.389969872996
"364",4709,"Tennessee","TN",47,9,"Cohen, Steve","D",1,0,"01/03/19","01/03/21",0,0,0,0,0,0,0,0,0,1.45640045601
"365",4801,"Texas","TX",48,1,"Gohmert, Louie","R",0,1,"01/03/19","01/03/21",0,0,0,0,0,0,0,0,0,0.827606378098
"366",4802,"Texas","TX",48,2,"Crenshaw, Dan","R",0,1,"01/03/19","01/03/21",0,0,0,0,0,0,0,0,0,2.136551646
"367",4803,"Texas","TX",48,3,"Taylor, Van","R",0,1,"01/03/19","01/03/21",0,0,0,0,0,0,0,0,0,1.23433028274
"368",4804,"Texas","TX",48,4,"Ratcliffe , John","R",0,1,"01/03/19","01/03/21",0,0,0,0,0,0,0,0,0,0.512967107046
"369",4805,"Texas","TX",48,5,"Gooden, Lance","R",0,1,"01/03/19","01/03/21",0,0,0,0,0,0,0,0,0,1.58207541798
"370",4806,"Texas","TX",48,6,"Wright , Ron","R",0,1,"01/03/19","01/03/21",0,0,0,0,0,0,0,0,0,1.4728080264
"371",4807,"Texas","TX",48,7,"Fletcher, Lizzie","D",1,0,"01/03/19","01/03/21",0,0,0,0,0,0,0,0,0,1.67931609013
"372",4808,"Texas","TX",48,8,"Brady, Kevin","R",0,1,"01/03/19","01/03/21",0,0,0,0,0,0,0,0,0,1.83448842696
"373",4809,"Texas","TX",48,9,"Green , Al","D",1,0,"01/03/19","01/03/21",0,0,0,0,0,0,0,0,0,1.90179185375
"374",4810,"Texas","TX",48,10,"McCaul, Michael","R",0,1,"01/03/19","01/03/21",0,0,0,0,0,0,0,0,0,0.756692354085
"375",4811,"Texas","TX",48,11,"Conaway, Mike","R",0,1,"01/03/19","01/03/21",0,0,1,0,0,0,1,0,0,0.729014750647
"376",4812,"Texas","TX",48,12,"Granger, Kay","R",0,1,"01/03/19","01/03/21",0,0,0,0,0,0,0,0,0,0.339012473396
"377",4813,"Texas","TX",48,13,"Thornberry, Mac","R",0,1,"01/03/19","01/03/21",0,1,1,0,0,0,2,0,0,1.35410180829
"378",4814,"Texas","TX",48,14,"Weber, Randy","R",0,1,"01/03/19","01/03/21",0,0,0,0,0,0,0,0,0,2.42476148179
"379",4815,"Texas","TX",48,15,"Gonzalez , Vicente","D",1,0,"01/03/19","01/03/21",0,0,0,0,0,0,0,0,0,0.516178331273
"380",4816,"Texas","TX",48,16,"Escobar, Veronica","D",1,0,"01/03/19","01/03/21",0,0,1,0,0,0,1,0,0,0.457091569408
"381",4817,"Texas","TX",48,17,"Flores, Bill","R",0,1,"01/03/19","01/03/21",0,0,0,0,0,0,0,0,0,1.08736463735
"382",4818,"Texas","TX",48,18,"Jackson Lee, Sheila","D",1,0,"01/03/19","01/03/21",0,0,0,0,0,0,0,0,0,1.87860017679
"383",4819,"Texas","TX",48,19,"Arrington, Jodey","R",0,1,"01/03/19","01/03/21",0,0,0,0,0,0,0,0,0,1.60480093326
"384",4820,"Texas","TX",48,20,"Castro, Joaquin","D",1,0,"01/03/19","01/03/21",0,0,0,0,0,0,0,0,0,0.0931895998129
"385",4821,"Texas","TX",48,21,"Roy, Chip","R",0,1,"01/03/19","01/03/21",0,0,0,0,0,0,0,0,0,0.515352226259
"386",4822,"Texas","TX",48,22,"Olson, Pete","R",0,1,"01/03/19","01/03/21",0,0,0,0,0,0,0,0,0,1.77489993965
"387",4823,"Texas","TX",48,23,"Hurd, Will","R",0,1,"01/03/19","01/03/21",0,0,0,0,0,0,0,0,0,1.88195627072
"388",4824,"Texas","TX",48,24,"Marchant, Kenny","R",0,1,"01/03/19","01/03/21",0,0,0,0,0,0,0,0,0,0.995470631946
"389",4825,"Texas","TX",48,25,"Williams , Roger","R",0,1,"01/03/19","01/03/21",0,0,0,0,0,0,0,0,0,0.297961055216
"390",4826,"Texas","TX",48,26,"Burgess, Michael C.","R",0,1,"01/03/19","01/03/21",0,0,0,0,0,0,0,0,0,0.933292186088
"391",4827,"Texas","TX",48,27,"Cloud, Michael","R",0,1,"01/03/19","01/03/21",0,0,0,0,0,0,0,0,0,1.17640978102
"392",4828,"Texas","TX",48,28,"Cuellar, Henry","D",1,0,"01/03/19","01/03/21",0,0,0,0,0,1,1,0,0,0.300798638224
"393",4829,"Texas","TX",48,29,"Garcia, Sylvia","D",1,0,"01/03/19","01/03/21",0,0,0,0,0,0,0,1,1,2.14587404966
"394",4830,"Texas","TX",48,30,"Bernice Johnson, Eddie","D",1,0,"01/03/19","01/03/21",0,0,0,0,0,0,0,0,0,1.22219090203
"395",4831,"Texas","TX",48,31,"Carter , John","R",0,1,"01/03/19","01/03/21",0,0,0,0,0,1,1,0,0,0.429719399506
"396",4832,"Texas","TX",48,32,"Allred, Colin","D",1,0,"01/03/19","01/03/21",0,0,0,0,0,0,0,0,0,1.35393611382
"397",4833,"Texas","TX",48,33,"Veasey, Marc","D",1,0,"01/03/19","01/03/21",0,0,0,0,0,0,0,0,0,1.06289744554
"398",4834,"Texas","TX",48,34,"Vela Jr, Filemon","D",1,0,"01/03/19","01/03/21",0,0,1,0,0,0,1,0,0,0.23977581775
"399",4835,"Texas","TX",48,35,"Doggett, Lloyd","D",1,0,"01/03/19","01/03/21",0,0,0,0,0,0,0,0,0,0.551845177831
"400",4836,"Texas","TX",48,36,"Babin, Brian","R",0,1,"01/03/19","01/03/21",0,0,0,0,0,0,0,0,0,1.49229752677
"401",4901,"Utah","UT",49,1,"Bishop, Rob","R",0,1,"01/03/19","01/03/21",0,0,1,0,0,0,1,0,0,0.68820250901
"402",4902,"Utah","UT",49,2,"Stewart , Chris","R",0,1,"01/03/19","01/03/21",0,0,0,0,0,0,0,0,0,1.55501833058
"403",4903,"Utah","UT",49,3,"Curtis , John","R",0,1,"01/03/19","01/03/21",0,0,0,0,0,0,0,0,0,0.311099809047
"404",4904,"Utah","UT",49,4,"McAdams, Ben","D",1,0,"01/03/19","01/03/21",0,0,0,0,0,0,0,0,0,0.572813250056
"405",5000,"Vermont","VT",50,0,"Welch, Peter","D",1,0,"01/03/19","01/03/21",0,0,0,0,0,0,0,0,0,0.460548978957
"406",5101,"Virginia","VA",51,1,"Wittman, Rob","R",0,1,"01/03/19","01/03/21",0,0,1,0,0,0,1,0,0,0.375972138367
"407",5102,"Virginia","VA",51,2,"Luria, Elaine","D",1,0,"01/03/19","01/03/21",0,0,1,0,0,0,1,0,0,0.519126939904
"408",5103,"Virginia","VA",51,3,"Scott , Bobby","D",1,0,"01/03/19","01/03/21",0,0,0,0,0,0,0,0,0,0.21781888912
"409",5104,"Virginia","VA",51,4,"McEachin, Donald","D",1,0,"01/03/19","01/03/21",0,0,0,0,0,0,0,0,0,0.336810915086
"410",5105,"Virginia","VA",51,5,"Riggleman, Denver","R",0,1,"01/03/19","01/03/21",0,0,0,0,0,0,0,0,0,0.888134829077
"411",5106,"Virginia","VA",51,6,"Cline, Ben","R",0,1,"01/03/19","01/03/21",0,0,0,0,0,0,0,0,0,1.65035698979
"412",5107,"Virginia","VA",51,7,"Spanberger, Abigail","D",1,0,"01/03/19","01/03/21",0,0,0,0,0,0,0,0,0,0.690499230064
"413",5108,"Virginia","VA",51,8,"Beyer, Don","D",1,0,"01/03/19","01/03/21",0,0,0,0,0,0,0,0,0,0.0764361699855
"414",5109,"Virginia","VA",51,9,"Griffith, Morgan","R",0,1,"01/03/19","01/03/21",0,0,0,0,0,0,0,0,0,0.801283813436
"415",5110,"Virginia","VA",51,10,"Wexton, Jennifer","D",1,0,"01/03/19","01/03/21",0,0,0,0,0,0,0,0,0,0.636699386056
"416",5111,"Virginia","VA",51,11,"Connolly, Gerry","D",1,0,"01/03/19","01/03/21",0,0,0,0,0,0,0,2,1,0.159809926018
"417",5301,"Washington","WA",53,1,"DelBene, Suzan","D",1,0,"01/03/19","01/03/21",0,0,0,0,0,0,0,0,0,0.289474798384
"418",5302,"Washington","WA",53,2,"Larsen, Rick","D",1,0,"01/03/19","01/03/21",0,0,1,0,0,0,1,0,0,0.0579163955598
"419",5303,"Washington","WA",53,3,"Herrera Beutler, Jaime","R",0,1,"01/03/19","01/03/21",0,0,0,0,0,0,0,0,0,0.868895222449
"420",5304,"Washington","WA",53,4,"Newhouse, Dan","R",0,1,"01/03/19","01/03/21",0,0,0,0,0,0,0,0,0,0.720947963827
"421",5305,"Washington","WA",53,5,"McMorris Rodgers, Cathy","R",0,1,"01/03/19","01/03/21",0,0,0,0,0,0,0,0,0,0.232265430868
"422",5306,"Washington","WA",53,6,"Kilmer, Derek","D",1,0,"01/03/19","01/03/21",0,0,0,0,0,1,1,0,0,0.91065591693
"423",5307,"Washington","WA",53,7,"Jayapal, Pramila","D",1,0,"01/03/19","01/03/21",0,0,0,0,0,0,0,1,1,0.353354566418
"424",5308,"Washington","WA",53,8,"Schrier, Kim","D",1,0,"01/03/19","01/03/21",0,0,0,0,0,0,0,0,0,1.07785224933
"425",5309,"Washington","WA",53,9,"Smith , Adam","D",1,0,"01/03/19","01/03/21",1,0,1,0,0,0,2,12,1,0.527300932003
"426",5310,"Washington","WA",53,10,"Heck, Denny","D",1,0,"01/03/19","01/03/21",0,0,0,0,0,0,0,0,0,0.175515047226
"427",5401,"West Virginia","WV",54,1,"McKinley, David","R",0,1,"01/03/19","01/03/21",0,0,0,0,0,0,0,0,0,1.99245458602
"428",5402,"West Virginia","WV",54,2,"Mooney, Alex","R",0,1,"01/03/19","01/03/21",0,0,0,0,0,0,0,0,0,1.68924479043
"429",5403,"West Virginia","WV",54,3,"Miller , Carol","R",0,1,"01/03/19","01/03/21",0,0,0,0,0,0,0,0,0,1.03939676654
"430",5501,"Wisconsin","WI",55,1,"Steil, Bryan","R",0,1,"01/03/19","01/03/21",0,0,0,0,0,0,0,0,0,1.54504583972
"431",5502,"Wisconsin","WI",55,2,"Pocan, Mark","D",1,0,"01/03/19","01/03/21",0,0,0,0,0,0,0,0,0,1.07922677891
"432",5503,"Wisconsin","WI",55,3,"Kind, Ron","D",1,0,"01/03/19","01/03/21",0,0,0,0,0,0,0,0,0,0.241406288251
"433",5504,"Wisconsin","WI",55,4,"Moore, Gwen","D",1,0,"01/03/19","01/03/21",0,0,0,0,0,0,0,0,0,2.07843988582
"434",5505,"Wisconsin","WI",55,5,"Sensenbrenner, Jim","R",0,1,"01/03/19","01/03/21",0,0,0,0,0,0,0,0,0,1.83932142802
"435",5506,"Wisconsin","WI",55,6,"Grothman, Glenn","R",0,1,"01/03/19","01/03/21",0,0,0,0,0,0,0,0,0,1.83146282692
"436",5507,"Wisconsin","WI",55,7,"Duffy, Sean","R",0,1,"01/03/19","9/23/2019",0,0,0,0,0,0,0,0,0,1.58636450256
"437",5508,"Wisconsin","WI",55,8,"Gallagher , Mike","R",0,1,"01/03/19","01/03/21",0,0,1,0,0,0,1,0,0,2.20293712272
"438",5600,"Wyoming","WY",56,0,"Cheney, Liz","R",0,1,"01/03/19","01/03/21",0,0,1,0,0,0,1,0,0,2.8038242718
"439",6698,"Guam","GU",66,98,"San Nicolas, Michael","D",1,0,"01/03/19","01/03/21",0,0,0,0,0,0,0,0,0,0.113485825509
"440",6998,"Northern Mariana Islands","MP",69,98,"Sablan, Gregorio","I",0,0,"01/03/19","01/03/21",0,0,0,0,0,0,0,0,0,1.66044602666
"441",7298,"Puerto Rico","PR",72,98,"González, Jenniffer","R",0,1,"01/03/19","01/03/21",0,0,0,0,0,0,0,0,0,0.204762511249
"442",7898,"U.S. Virgin Islands","VI",78,98,"Plaskett, Stacey","D",1,0,"01/03/19","01/03/21",0,0,0,0,0,0,0,0,0,0.730535778892
